<?xml version="1.0" encoding="UTF-8"?>
<?xml-stylesheet type='text/xsl'?>
<TEST>

<PERSON>
<AUTHOR> Santosh Bihari</AUTHOR> 
<Mail>Santosh@mail.com</Mail>
</PERSON>
<PERSON>
<AUTHOR> Santosh Bihari</AUTHOR> 
<Mail>Santosh@mail.com</Mail>
</PERSON>
<PERSON>
<AUTHOR> Santosh Bihari</AUTHOR> 
<Mail>Santosh@mail.com</Mail>
</PERSON>
<PERSON>
<AUTHOR> Santosh Bihari</AUTHOR> 
<Mail>Santosh@mail.com</Mail>
</PERSON>
<PERSON>
<AUTHOR> Santosh Bihari</AUTHOR> 
<Mail>Santosh@mail.com</Mail>
</PERSON>
<PERSON>
<AUTHOR> Santosh Bihari</AUTHOR> 
<Mail>Santosh@mail.com</Mail>
</PERSON>
<PERSON>
<AUTHOR> Santosh Bihari</AUTHOR> 
<Mail>Santosh@mail.com</Mail>
</PERSON>
<PERSON>
<AUTHOR> Santosh Bihari</AUTHOR> 
<Mail>Santosh@mail.com</Mail>
</PERSON>
<PERSON>
<AUTHOR> Santosh Bihari</AUTHOR> 
<Mail>Santosh@mail.com</Mail>
</PERSON>
<PERSON>
<AUTHOR> Santosh Bihari</AUTHOR> 
<Mail>Santosh@mail.com</Mail>
</PERSON>

</TEST>